website,stars
https://github.com/ReactiveX/RxJava,29439
https://github.com/iluwatar/java-design-patterns,27552
https://github.com/elastic/elasticsearch,27347
https://github.com/square/retrofit,25399
https://github.com/square/okhttp,24038
https://github.com/google/guava,20858
https://github.com/PhilJay/MPAndroidChart,19563
https://github.com/JetBrains/kotlin,19554
https://github.com/JakeWharton/butterknife,19418
https://github.com/bumptech/glide,19257
https://github.com/spring-projects/spring-boot,18682
https://github.com/spring-projects/spring-framework,18016
https://github.com/square/leakcanary,17819
https://github.com/airbnb/lottie-android,17613
https://github.com/greenrobot/EventBus,16750
https://github.com/zxing/zxing,16680
https://github.com/kdn251/interviews,16677
https://github.com/nostra13/Android-Universal-Image-Loader,15859
https://github.com/google/iosched,15206
https://github.com/Blankj/AndroidUtilCode,14984
https://github.com/square/picasso,14662
https://github.com/ReactiveX/RxAndroid,14585
https://github.com/alibaba/dubbo,14512
https://github.com/facebook/fresco,13844
https://github.com/libgdx/libgdx,13052
https://github.com/netty/netty,12075
https://github.com/chrisbanes/PhotoView,12044
https://github.com/Netflix/Hystrix,11969
https://github.com/afollestad/material-dialogs,11915
https://github.com/alibaba/fastjson,11839
https://github.com/CymChad/BaseRecyclerViewAdapterHelper,11340
https://github.com/jfeinstein10/SlidingMenu,10814
https://github.com/Tencent/tinker,10788
https://github.com/lgvalle/Material-Animations,10715
https://github.com/android10/Android-CleanArchitecture,10491
https://github.com/nickbutcher/plaid,10242
https://github.com/loopj/android-async-http,10092
https://github.com/androidannotations/androidannotations,9933
https://github.com/JakeWharton/ViewPagerIndicator,9509
https://github.com/daimajia/AndroidSwipeLayout,9327
https://github.com/greenrobot/greenDAO,9177
https://github.com/pockethub/PocketHub,9111
https://github.com/alibaba/druid,9079
https://github.com/nathanmarz/storm,9060
https://github.com/facebook/stetho,8931
https://github.com/realm/realm-java,8884
https://github.com/googlesamples/android-UniversalMusicPlayer,8743
https://github.com/SeleniumHQ/selenium,8734
https://github.com/daimajia/AndroidViewAnimations,8706
https://github.com/hdodenhof/CircleImageView,8653
https://github.com/liaohuqiu/android-Ultra-Pull-To-Refresh,8651
https://github.com/DrKLO/Telegram,8628
https://github.com/mikepenz/MaterialDrawer,8622
https://github.com/google/ExoPlayer,8571
https://github.com/chrisbanes/Android-PullToRefresh,8537
https://github.com/WhisperSystems/Signal-Android,8532
https://github.com/navasmdc/MaterialDesignLibrary,8528
https://github.com/winterbe/java8-tutorial,8382
https://github.com/scwang90/SmartRefreshLayout,8363
https://github.com/ksoichiro/Android-ObservableScrollView,8361
https://github.com/EnterpriseQualityCoding/FizzBuzzEnterpriseEdition,8342
https://github.com/orhanobut/logger,8110
https://github.com/deeplearning4j/deeplearning4j,7904
https://github.com/bazelbuild/bazel,7796
https://github.com/HannahMitt/HomeMirror,7739
https://github.com/roughike/BottomBar,7489
https://github.com/JakeWharton/ActionBarSherlock,7347
https://github.com/wasabeef/recyclerview-animators,7283
https://github.com/openzipkin/zipkin,7238
https://github.com/chrisbanes/cheesesquare,7222
https://github.com/chrisjenx/Calligraphy,7216
https://github.com/apl-devs/AppIntro,7176
https://github.com/aosp-mirror/platform_frameworks_base,7080
https://github.com/eclipse/vert.x,7056
https://github.com/umano/AndroidSlidingUpPanel,7045
https://github.com/perwendel/spark,6941
https://github.com/apache/kafka,6916
https://github.com/google/agera,6911
https://github.com/alibaba/vlayout,6906
https://github.com/florent37/MaterialViewPager,6868
https://github.com/prestodb/presto,6860
https://github.com/LMAX-Exchange/disruptor,6850
https://github.com/clojure/clojure,6844
https://github.com/Freelander/Android_Data,6819
https://github.com/JackyAndroid/AndroidInterview-Q-A,6817
https://github.com/JakeWharton/RxBinding,6681
https://github.com/junit-team/junit4,6600
https://github.com/square/dagger,6573
https://github.com/Curzibn/Luban,6501
https://github.com/Tencent/VasSonic,6461
https://github.com/jeasonlzy/okhttp-OkGo,6429
https://github.com/shuzheng/zheng,6403
https://github.com/81813780/AVLoadingIndicatorView,6395
https://github.com/Bearded-Hen/Android-Bootstrap,6389
https://github.com/astuetz/PagerSlidingTabStrip,6368
https://github.com/Yalantis/uCrop,6356
https://github.com/mybatis/mybatis-3,6344
https://github.com/skylot/jadx,6303
https://github.com/permissions-dispatcher/PermissionsDispatcher,6293
https://github.com/Bilibili/DanmakuFlameMaster,6228
https://github.com/cymcsg/UltimateRecyclerView,6221
https://github.com/dropwizard/dropwizard,6219
https://github.com/Netflix/SimianArmy,6042
https://github.com/kaushikgopal/RxJava-Android-Samples,6038
https://github.com/Bigkoo/Android-PickerView,6030
https://github.com/xetorthio/jedis,6001
https://github.com/google/physical-web,5990
https://github.com/google/guice,5973
https://github.com/hongyangAndroid/okhttputils,5960
https://github.com/google/auto,5940
https://github.com/gradle/gradle,5922
https://github.com/druid-io/druid,5823
https://github.com/mockito/mockito,5781
https://github.com/zhihu/Matisse,5771
https://github.com/hongyangAndroid/AndroidAutoLayout,5764
https://github.com/googlesamples/android-architecture-components,5756
https://github.com/code4craft/webmagic,5747
https://github.com/brettwooldridge/HikariCP,5701
https://github.com/nhaarman/ListViewAnimations,5646
https://github.com/lingochamp/FileDownloader,5639
https://github.com/lipangit/JiaoZiVideoPlayer,5612
https://github.com/JakeWharton/hugo,5595
https://github.com/wix/react-native-navigation,5529
https://github.com/koush/ion,5521
https://github.com/koral--/android-gif-drawable,5484
https://github.com/iBotPeaches/Apktool,5448
https://github.com/alibaba/atlas,5440
https://github.com/geeeeeeeeek/WeChatLuckyMoney,5432
https://github.com/H07000223/FlycoTabLayout,5429
https://github.com/aritraroy/UltimateAndroidReference,5417
https://github.com/rzwitserloot/lombok,5403
https://github.com/dropwizard/metrics,5383
https://github.com/pedrovgs/EffectiveAndroidUI,5357
https://github.com/facebook/buck,5354
https://github.com/DroidPluginTeam/DroidPlugin,5351
https://github.com/pedant/sweet-alert-dialog,5343
https://github.com/jhy/jsoup,5320
https://github.com/lecho/hellocharts-android,5264
https://github.com/rey5137/material,5258
https://github.com/JetBrains/intellij-community,5245
https://github.com/futuresimple/android-floating-action-button,5201
https://github.com/JakeWharton/u2020,5193
https://github.com/wasabeef/glide-transformations,5190
https://github.com/tbruyelle/RxPermissions,5183
https://github.com/evant/gradle-retrolambda,5170
https://github.com/emilsjolander/StickyListHeaders,5144
https://github.com/springside/springside4,5111
https://github.com/amlcurran/ShowcaseView,5103
https://github.com/lucasr/twoway-view,5092
https://github.com/didi/VirtualAPK,5080
https://github.com/hankcs/HanLP,5068
https://github.com/JakeWharton/timber,5057
https://github.com/singwhatiwanna/dynamic-load-apk,5019
https://github.com/ogaclejapan/SmartTabLayout,5003
https://github.com/ChrisRM/material-theme-jetbrains,5001
https://github.com/naver/pinpoint,4996
https://github.com/google/j2objc,4981
https://github.com/square/otto,4968
https://github.com/wyouflf/xUtils,4965
https://github.com/trello/RxLifecycle,4922
https://github.com/OpenRefine/OpenRefine,4915
https://github.com/facebook/rebound,4867
https://github.com/googlesamples/android-testing,4845
https://github.com/rengwuxian/MaterialEditText,4830
https://github.com/YoKeyword/Fragmentation,4809
https://github.com/antoniolg/androidmvp,4808
https://github.com/googlesamples/easypermissions,4800
https://github.com/koush/AndroidAsync,4775
https://github.com/claritylab/lucida,4753
https://github.com/gabrielemariotti/cardslib,4743
https://github.com/daimajia/AndroidImageSlider,4740
https://github.com/apache/storm,4686
https://github.com/ikew0ng/SwipeBackLayout,4681
https://github.com/jgilfelt/SystemBarTint,4645
https://github.com/wyouflf/xUtils3,4644
https://github.com/GcsSloop/AndroidNote,4639
https://github.com/etsy/AndroidStaggeredGrid,4628
https://github.com/sparklemotion/nokogiri,4627
https://github.com/youth5201314/banner,4620
https://github.com/swagger-api/swagger-core,4614
https://github.com/thinkaurelius/titan,4598
https://github.com/Trinea/android-common,4584
https://github.com/dmytrodanylyk/circular-progress-button,4574
https://github.com/daimajia/NumberProgressBar,4571
https://github.com/apache/hadoop,4539
https://github.com/laobie/StatusBarUtil,4534
https://github.com/pardom/ActiveAndroid,4528
https://github.com/traex/RippleEffect,4514
https://github.com/eclipse/che,4494
https://github.com/vinc3m1/RoundedImageView,4485
https://github.com/Netflix/eureka,4480
https://github.com/neo4j/neo4j,4474
https://github.com/square/javapoet,4460
https://github.com/square/okio,4456
https://github.com/frogermcs/InstaMaterial,4454
https://github.com/yixia/VitamioBundle,4451
https://github.com/Devlight/InfiniteCycleViewPager,4440
https://github.com/mcxiaoke/android-volley,4431
https://github.com/go-lang-plugin-org/go-lang-idea-plugin,4431
https://github.com/CyberAgent/android-gpuimage,4429
https://github.com/square/sqlbrite,4429
https://github.com/daniulive/SmarterStreaming,4414
https://github.com/google/android-classyshark,4407
https://github.com/Yalantis/Side-Menu.Android,4377
https://github.com/facebook/facebook-android-sdk,4341
https://github.com/lwansbrough/react-native-camera,4308
https://github.com/aporter/coursera-android,4307
https://github.com/JakeWharton/NineOldAndroids,4305
https://github.com/AndroidBootstrap/android-bootstrap,4298
https://github.com/facebook/litho,4277
https://github.com/alibaba/freeline,4273
https://github.com/commonsguy/cw-omnibus,4259
https://github.com/kickstarter/android-oss,4245
https://github.com/LitePalFramework/LitePal,4236
https://github.com/scribejava/scribejava,4228
https://github.com/Nightonke/BoomMenu,4197
https://github.com/izzyleung/ZhihuDailyPurify,4191
https://github.com/shwenzhang/AndResGuard,4179
https://github.com/danielzeller/Depth-LIB-Android-,4144
https://github.com/leolin310148/ShortcutBadger,4142
https://github.com/chentao0707/SimplifyReader,4136
https://github.com/crazycodeboy/TakePhoto,4127
https://github.com/sockeqwe/mosby,4092
https://github.com/stanfordnlp/CoreNLP,4089
https://github.com/AsyncHttpClient/async-http-client,4074
https://github.com/ACRA/acra,4061
https://github.com/CarGuo/GSYVideoPlayer,4044
https://github.com/apache/cassandra,4039
https://github.com/Qihoo360/RePlugin,4036
https://github.com/ybq/Android-SpinKit,4028
https://github.com/JakeWharton/DiskLruCache,4024
https://github.com/square/android-times-square,4020
https://github.com/mission-peace/interview,3990
https://github.com/motianhuo/wechat,3981
https://github.com/pxb1988/dex2jar,3948
https://github.com/alibaba/ARouter,3944
https://github.com/redisson/redisson,3929
https://github.com/lzyzsd/JsBridge,3922
https://github.com/Graylog2/graylog2-server,3921
https://github.com/weibocom/motan,3913
https://github.com/naman14/Timber,3904
https://github.com/makovkastar/FloatingActionButton,3904
https://github.com/jdamcd/android-crop,3902
https://github.com/Raizlabs/DBFlow,3900
https://github.com/processing/processing,3877
https://github.com/serge-rider/dbeaver,3873
https://github.com/roboguice/roboguice,3872
https://github.com/castorflex/SmoothProgressBar,3869
https://github.com/gitpitch/gitpitch,3867
https://github.com/vondear/RxTools,3864
https://github.com/google/closure-compiler,3847
https://github.com/careercup/ctci,3796
https://github.com/aa112901/remusic,3770
https://github.com/Clans/FloatingActionButton,3757
https://github.com/gocd/gocd,3756
https://github.com/h6ah4i/android-advancedrecyclerview,3748
https://github.com/prolificinteractive/material-calendarview,3702
https://github.com/evernote/android-job,3702
https://github.com/alibaba/dexposed,3695
https://github.com/wequick/Small,3695
https://github.com/XRecyclerView/XRecyclerView,3694
https://github.com/alibaba/canal,3694
https://github.com/JustWayward/BookReader,3693
https://github.com/apache/zookeeper,3690
https://github.com/robolectric/robolectric,3682
https://github.com/NLPchina/ansj_seg,3667
https://github.com/markzhai/AndroidPerformanceMonitor,3656
https://github.com/JessYanCoding/MVPArms,3647
https://github.com/Yalantis/Phoenix,3637
https://github.com/GrenderG/Toasty,3624
https://github.com/hanks-zyh/HTextView,3603
https://github.com/Devlight/NavigationTabBar,3590
https://github.com/orhanobut/dialogplus,3574
https://github.com/b3log/solo,3571
https://github.com/davemorrissey/subsampling-scale-image-view,3562
https://github.com/diogobernardino/WilliamChart,3557
https://github.com/haifengl/smile,3549
https://github.com/Flipboard/bottomsheet,3522
https://github.com/java-native-access/jna,3517
https://github.com/grpc/grpc-java,3517
https://github.com/dm77/barcodescanner,3514
https://github.com/Netflix/zuul,3511
https://github.com/hackware1993/MagicIndicator,3508
https://github.com/k9mail/k-9,3493
https://github.com/drakeet/Meizhi,3486
https://github.com/openhab/openhab1-addons,3469
https://github.com/DreaminginCodeZH/Douya,3454
https://github.com/apereo/cas,3447
https://github.com/andkulikov/Transitions-Everywhere,3426
https://github.com/medcl/elasticsearch-analysis-ik,3425
https://github.com/hongyangAndroid/baseAdapter,3423
https://github.com/wasabeef/richeditor-android,3415
https://github.com/joelittlejohn/jsonschema2pojo,3404
https://github.com/MyCATApache/Mycat-Server,3401
https://github.com/amitshekhariitbhu/Android-Debug-Database,3401
https://github.com/bingoogolapple/BGARefreshLayout-Android,3397
https://github.com/ben-manes/caffeine,3388
https://github.com/Vedenin/useful-java-links,3385
https://github.com/mikepenz/Android-Iconics,3385
https://github.com/pedrovgs/AndroidWiFiADB,3384
https://github.com/romannurik/muzei,3382
https://github.com/BoltsFramework/Bolts-Android,3381
https://github.com/QMUI/QMUI_Android,3379
https://github.com/square/moshi,3372
https://github.com/codecentric/spring-boot-admin,3361
https://github.com/spring-projects/spring-mvc-showcase,3346
https://github.com/orfjackal/retrolambda,3339
https://github.com/kyleduo/SwitchButton,3325
https://github.com/chrisbanes/ActionBar-PullToRefresh,3307
https://github.com/JoanZapata/android-iconify,3300
https://github.com/apache/zeppelin,3300
https://github.com/shardingjdbc/sharding-jdbc,3291
https://github.com/Tapadoo/Alerter,3290
https://github.com/knightliao/disconf,3285
https://github.com/antlr/antlr4,3285
https://github.com/airbnb/epoxy,3284
https://github.com/orientechnologies/orientdb,3279
https://github.com/google/error-prone,3278
https://github.com/JodaOrg/joda-time,3278
https://github.com/alibaba/jstorm,3274
https://github.com/zaproxy/zaproxy,3273
https://github.com/NanoHttpd/nanohttpd,3272
https://github.com/saiwu-bigkoo/Android-ConvenientBanner,3267
https://github.com/Alluxio/alluxio,3258
https://github.com/mcxiaoke/packer-ng-plugin,3224
https://github.com/KeepSafe/TapTargetView,3223
https://github.com/grantland/android-autofittextview,3211
https://github.com/actorapp/actor-platform,3198
https://github.com/lightbend/config,3198
https://github.com/Yalantis/Context-Menu.Android,3195
https://github.com/react-community/react-native-image-picker,3186
https://github.com/hongyangAndroid/FlowLayout,3183
https://github.com/Ramotion/folding-cell-android,3182
https://github.com/baoyongzhang/SwipeMenuListView,3175
https://github.com/bauerca/drag-sort-listview,3169
https://github.com/pagehelper/Mybatis-PageHelper,3153
https://github.com/xuxueli/xxl-job,3151
https://github.com/yanzhenjie/NoHttp,3150
https://github.com/HotBitmapGG/bilibili-android-client,3148
https://github.com/avast/android-butterknife-zelezny,3142
https://github.com/johncarl81/parceler,3141
https://github.com/yarolegovich/DiscreteScrollView,3139
https://github.com/rengwuxian/RxJavaSamples,3113
https://github.com/bingoogolapple/BGAQRCode-Android,3107
https://github.com/timehop/sticky-headers-recyclerview,3097
https://github.com/dropbox/hackpad,3089
https://github.com/yangfuhai/afinal,3085
https://github.com/apache/rocketmq,3081
https://github.com/real-logic/aeron,3079
https://github.com/firebase/quickstart-android,3059
https://github.com/rockerhieu/emojicon,3058
https://github.com/udacity/Sunshine-Version-2,3054
https://github.com/ivacf/archi,3052
https://github.com/bluelinelabs/LoganSquare,3051
https://github.com/apache/flink,3045
https://github.com/stephanenicolas/robospice,3045
https://github.com/alibaba/UltraViewPager,3042
https://github.com/asLody/VirtualApp,3042
https://github.com/Atmosphere/atmosphere,3041
https://github.com/keyboardsurfer/Crouton,3037
https://github.com/CellularPrivacy/Android-IMSI-Catcher-Detector,3035
https://github.com/wdullaer/MaterialDateTimePicker,3032
https://github.com/MindorksOpenSource/android-interview-questions,3032
https://github.com/NLPchina/elasticsearch-sql,3029
https://github.com/elasticjob/elastic-job,3024
https://github.com/wasabeef/Blurry,3020
https://github.com/twitter/heron,3012
https://github.com/xcc3641/SeeWeather,3009
https://github.com/ctripcorp/apollo,3008
https://github.com/JetBrains/ideavim,3008
https://github.com/tangqi92/Android-Tips,3006
https://github.com/tyrantgit/ExplosionField,3002
https://github.com/pili-engineering/PLDroidPlayer,2982
https://github.com/pengjianbo/GalleryFinal,2982
https://github.com/kikoso/android-stackblur,2980
https://github.com/gzu-liyujiang/AndroidPicker,2969
https://github.com/rubensousa/RecyclerViewSnap,2962
https://github.com/ryanhoo/StylishMusicPlayer,2959
https://github.com/dinuscxj/LoadingDrawable,2958
https://github.com/nicolasgramlich/AndEngine,2943
https://github.com/ArthurHub/Android-Image-Cropper,2932
https://github.com/zetbaitsu/Compressor,2923
https://github.com/alibaba/DataX,2916
https://github.com/jgilfelt/android-viewbadger,2915
https://github.com/ChadCSong/ShineButton,2908
https://github.com/yanzhenjie/AndPermission,2907
https://github.com/hibernate/hibernate-orm,2902
https://github.com/yahoo/anthelion,2900
https://github.com/Activiti/Activiti,2898
https://github.com/ManuelPeinado/FadingActionBar,2896
https://github.com/jankotek/mapdb,2894
https://github.com/saulmm/Android-Material-Examples,2892
https://github.com/puniverse/quasar,2890
https://github.com/baoyachi/StepView,2887
https://github.com/MindorksOpenSource/from-java-to-kotlin,2887
https://github.com/lcodecorex/TwinklingRefreshLayout,2885
https://github.com/careercup/CtCI-6th-Edition,2882
https://github.com/Karumi/Dexter,2870
https://github.com/jgilfelt/chuck,2863
https://github.com/Tencent/angel,2858
https://github.com/race604/FlyRefresh,2848
https://github.com/OpenTSDB/opentsdb,2838
https://github.com/yigit/android-priority-jobqueue,2838
https://github.com/litesuits/android-common,2826
https://github.com/rubensousa/ViewPagerCards,2826
https://github.com/robinhood/ticker,2817
https://github.com/gabrielemariotti/RecyclerViewItemAnimators,2814
https://github.com/hugeterry/CoordinatorTabLayout,2814
https://github.com/daimajia/AndroidViewHover,2798
https://github.com/yangfuhai/ASimpleCache,2795
https://github.com/LuckSiege/PictureSelector,2784
https://github.com/jasonross/Nuwa,2782
https://github.com/pedrovgs/DraggablePanel,2775
https://github.com/wuhaoyu1990/MagicCamera,2773
https://github.com/MiguelCatalan/MaterialSearchView,2772
https://github.com/Justson/AgentWeb,2771
https://github.com/andremion/Music-Player,2753
https://github.com/biezhi/blade,2752
https://github.com/lzyzsd/CircleProgress,2736
https://github.com/alamkanak/Android-Week-View,2727
https://github.com/Manabu-GT/ExpandableTextView,2727
https://github.com/barteksc/AndroidPdfViewer,2720
https://github.com/drakeet/MultiType,2703
https://github.com/amitshekhariitbhu/RxJava2-Android-Samples,2699
https://github.com/lsjwzh/RecyclerViewPager,2695
https://github.com/psaravan/JamsMusicPlayer,2694
https://github.com/SimonVT/android-menudrawer,2693
https://github.com/hitherejoe/animate,2691
https://github.com/Microsoft/malmo,2687
https://github.com/jpush/aurora-imui,2685
https://github.com/ongakuer/CircleIndicator,2685
https://github.com/google/cameraview,2684
https://github.com/stleary/JSON-java,2677
https://github.com/h2oai/h2o-3,2667
https://github.com/google/google-authenticator,2667
https://github.com/Tencent/GT,2665
https://github.com/qii/weiciyuan,2663
https://github.com/amitshekhariitbhu/Fast-Android-Networking,2660
https://github.com/siacs/Conversations,2655
https://github.com/xcltapestry/XCL-Charts,2655
https://github.com/JulienGenoud/android-percent-support-lib-sample,2654
https://github.com/airbnb/native-navigation,2646
https://github.com/cyrilmottier/GreenDroid,2644
https://github.com/Ashok-Varma/BottomNavigation,2641
https://github.com/rest-assured/rest-assured,2641
https://github.com/hs-web/hsweb-framework,2640
https://github.com/dmytrodanylyk/android-process-button,2639
https://github.com/airbnb/DeepLinkDispatch,2634
https://github.com/codeestX/GeekNews,2631
https://github.com/openaphid/android-flip,2628
https://github.com/checkstyle/checkstyle,2627
https://github.com/yanzhenjie/SwipeRecyclerView,2623
https://github.com/ragunathjawahar/android-saripaar,2622
https://github.com/flyway/flyway,2622
https://github.com/code-troopers/android-betterpickers,2621
https://github.com/SpecialCyCi/AndroidResideMenu,2616
https://github.com/lovetuzitong/MultiImageSelector,2609
https://github.com/google/grafika,2608
https://github.com/jfeinstein10/JazzyViewPager,2608
https://github.com/TeamNewPipe/NewPipe,2606
https://github.com/bluelinelabs/Conductor,2601
https://github.com/NYTimes/Store,2596
https://github.com/sherxon/AlgoDS,2595
https://github.com/alibaba/otter,2590
https://github.com/yipianfengye/android-zxingLibrary,2584
https://github.com/Skykai521/StickerCamera,2584
https://github.com/pushtorefresh/storio,2569
https://github.com/aurelhubert/ahbottomnavigation,2565
https://github.com/amulyakhare/TextDrawable,2564
https://github.com/johannilsson/android-pulltorefresh,2558
https://github.com/jwtk/jjwt,2556
https://github.com/Jacksgong/JKeyboardPanelSwitch,2553
https://github.com/yui/yuicompressor,2553
https://github.com/Malinskiy/SuperRecyclerView,2550
https://github.com/socketio/socket.io-client-java,2539
https://github.com/nisrulz/android-tips-tricks,2538
https://github.com/edmodo/cropper,2534
https://github.com/arimorty/floatingsearchview,2533
https://github.com/JeffLi1993/springboot-learning-example,2532
https://github.com/orhanobut/hawk,2529
https://github.com/beworker/pinned-section-listview,2522
https://github.com/square/flow,2519
https://github.com/afollestad/material-camera,2509
https://github.com/jersey/jersey,2509
https://github.com/yasserg/crawler4j,2486
https://github.com/k0shk0sh/FastHub,2475
https://github.com/facebook/network-connection-class,2474
https://github.com/shekhargulati/99-problems,2468
https://github.com/saulmm/Material-Movies,2464
https://github.com/JohnPersano/SuperToasts,2462
https://github.com/chennaione/sugar,2455
https://github.com/material-components/material-components-android,2451
https://github.com/romandanylyk/PageIndicatorView,2449
https://github.com/spring-projects/spring-security-oauth,2447
https://github.com/Comcast/FreeFlow,2447
https://github.com/dongjunkun/DropDownMenu,2445
https://github.com/jiangqqlmj/FastDev4Android,2445
https://github.com/Yalantis/GuillotineMenu-Android,2444
https://github.com/zzz40500/GsonFormat,2442
https://github.com/kevinsawicki/http-request,2439
https://github.com/gyf-dev/ImmersionBar,2436
https://github.com/sohutv/cachecloud,2434
https://github.com/Teevity/ice,2422
https://github.com/cjlin1/libsvm,2417
https://github.com/jeasonlzy/ImagePicker,2417
https://github.com/JakeWharton/scalpel,2415
https://github.com/path/android-priority-jobqueue,2413
https://github.com/Meituan-Dianping/Robust,2413
https://github.com/react-native-community/react-native-video,2409
https://github.com/Bilibili/MagicaSakura,2405
https://github.com/mihaip/dex-method-counts,2400
https://github.com/facebook/shimmer-android,2400
https://github.com/willowtreeapps/spruce-android,2397
https://github.com/rubensousa/PreviewSeekBar,2387
https://github.com/Todd-Davies/ProgressWheel,2387
https://github.com/gephi/gephi,2386
https://github.com/youlookwhat/CloudReader,2383
https://github.com/Tencent/MSEC,2382
https://github.com/OpenFeign/feign,2382
https://github.com/balysv/material-menu,2378
https://github.com/Meituan-Dianping/walle,2371
https://github.com/LyndonChin/MasteringAndroidDataBinding,2366
https://github.com/sqshq/PiggyMetrics,2366
https://github.com/JesusFreke/smali,2361
https://github.com/vespa-engine/vespa,2359
https://github.com/apache/groovy,2354
https://github.com/owncloud/android,2346
https://github.com/danylovolokh/VideoPlayerManager,2343
https://github.com/hazelcast/hazelcast,2342
https://github.com/worker8/TourGuide,2340
https://github.com/firebase/FirebaseUI-Android,2319
https://github.com/donglua/PhotoPicker,2311
https://github.com/journeyapps/zxing-android-embedded,2309
https://github.com/ximsfei/Android-skin-support,2306
https://github.com/davideas/FlexibleAdapter,2297
https://github.com/RobotiumTech/robotium,2295
https://github.com/googlemaps/android-maps-utils,2292
https://github.com/yusugomori/DeepLearning,2291
https://github.com/zo0r/react-native-push-notification,2281
https://github.com/florent37/ExpectAnim,2280
https://github.com/google/binnavi,2279
https://github.com/requery/requery,2279
https://github.com/saulmm/CoordinatorBehaviorExample,2278
https://github.com/SonarSource/sonarqube,2275
https://github.com/mrniko/netty-socketio,2273
https://github.com/aws/aws-sdk-java,2266
https://github.com/Prototik/HoloEverywhere,2259
https://github.com/theDazzler/droidicon,2258
https://github.com/grails/grails-core,2252
https://github.com/h2oai/h2o-2,2249
https://github.com/hmkcode/Android,2247
https://github.com/jprante/elasticsearch-jdbc,2242
https://github.com/jfinal/jfinal,2241
https://github.com/pnikosis/materialish-progress,2239
https://github.com/pedrovgs/Algorithms,2234
https://github.com/rabbitmq/rabbitmq-tutorials,2229
https://github.com/MovingBlocks/Terasology,2229
https://github.com/markushi/android-ui,2227
https://github.com/romainguy/ViewServer,2224
https://github.com/ozodrukh/CircularReveal,2224
https://github.com/sd6352051/NiftyDialogEffects,2223
https://github.com/Bilibili/boxing,2219
https://github.com/JoanZapata/android-pdfview,2218
https://github.com/vavr-io/vavr,2217
https://github.com/google/hover,2217
https://github.com/Nightonke/WoWoViewPager,2216
https://github.com/wonderkiln/BlurKit-Android,2212
https://github.com/Blankj/awesome-java-leetcode,2211
https://github.com/oguzbilgener/CircularFloatingActionMenu,2209
https://github.com/hongyangAndroid/Highlight,2201
https://github.com/sfsheng0322/StickyHeaderListView,2199
https://github.com/square/wire,2195
https://github.com/airbnb/airpal,2194
https://github.com/bingoogolapple/BGABanner-Android,2193
https://github.com/json-path/JsonPath,2191
https://github.com/geftimov/android-pathview,2186
https://github.com/w446108264/XhsEmoticonsKeyboard,2183
https://github.com/twitter/distributedlog,2182
https://github.com/stormzhang/9GAG,2174
https://github.com/Cleveroad/SlidingTutorial-Android,2166
https://github.com/bytedeco/javacpp,2163
https://github.com/Ereza/CustomActivityOnCrash,2161
https://github.com/binIoter/GuideView,2157
https://github.com/MindorksOpenSource/android-mvp-architecture,2157
https://github.com/TangoAgency/material-intro-screen,2156
https://github.com/500px/500px-android-blur,2151
https://github.com/north2016/T-MVP,2140
https://github.com/Marswin/MarsDaemon,2137
https://github.com/b3log/symphony,2135
https://github.com/xinghongfei/LookLook,2134
https://github.com/avast/android-styled-dialogs,2133
https://github.com/Fotoapparat/Fotoapparat,2132
https://github.com/JakeWharton/Telecine,2131
https://github.com/nisrulz/sensey,2130
https://github.com/harjot-oberai/MusicDNA,2129
https://github.com/yusuke/twitter4j,2128
https://github.com/oblac/jodd,2126
https://github.com/yipianfengye/android-adDialog,2126
https://github.com/xfumihiro/ViewInspector,2123
https://github.com/apache/cordova-android,2118
https://github.com/florent37/DiagonalLayout,2115
https://github.com/android-cjj/JJSearchViewAnim,2105
https://github.com/qiujuer/Genius-Android,2103
https://github.com/iPaulPro/Android-ItemTouchHelper-Demo,2103
https://github.com/Frank-Zhu/PullZoomView,2101
https://github.com/eirslett/frontend-maven-plugin,2098
https://github.com/reark/reark,2098
https://github.com/square/mortar,2096
https://github.com/databricks/learning-spark,2094
https://github.com/jd-alexander/LikeButton,2094
https://github.com/eishay/jvm-serializers,2093
https://github.com/chrisbanes/philm,2092
https://github.com/jOOQ/jOOQ,2090
https://github.com/xmuSistone/ViewpagerTransition,2089
https://github.com/MinecraftForge/MinecraftForge,2087
https://github.com/googlesamples/google-services,2084
https://github.com/dlew/joda-time-android,2081
https://github.com/mzule/ActivityRouter,2078
https://github.com/reactive-streams/reactive-streams-jvm,2072
https://github.com/konifar/android-material-design-icon-generator-plugin,2070
https://github.com/HoraApps/LeafPic,2068
https://github.com/bytedeco/javacv,2065
https://github.com/BelooS/ChipsLayoutManager,2065
https://github.com/flavioarfaria/KenBurnsView,2062
https://github.com/githubwing/ZoomHeader,2062
https://github.com/code-mc/material-icon-lib,2057
https://github.com/wenmingvs/AndroidProcess,2054
https://github.com/siyamed/android-shape-imageview,2053
https://github.com/spring-projects/spring-security,2046
https://github.com/Konloch/bytecode-viewer,2045
https://github.com/kbastani/spring-cloud-microservice-example,2041
https://github.com/Yalantis/Euclid,2036
https://github.com/qstumn/BadgeView,2033
https://github.com/android-cjj/BeautifulRefreshLayout,2031
https://github.com/androidquery/androidquery,2029
https://github.com/chenupt/SpringIndicator,2023
https://github.com/alibaba/cobar,2021
https://github.com/glomadrian/Grav,2021
https://github.com/cymcsg/UltimateAndroid,2021
https://github.com/sfsheng0322/MarqueeView,2014
https://github.com/soarcn/BottomSheet,2008
https://github.com/javaee-samples/javaee7-samples,2006
https://github.com/drakeet/MaterialDialog,2005
https://github.com/yarolegovich/SlidingRootNav,2000
https://github.com/mxn21/FlowingDrawer,1999
https://github.com/deano2390/MaterialShowcaseView,1997
https://github.com/wireapp/wire-android,1994
https://github.com/iammert/ScalingLayout,1991
https://github.com/voldemort/voldemort,1990
https://github.com/daimajia/AnimationEasingFunctions,1989
https://github.com/kevin-wayne/algs4,1988
https://github.com/fyhertz/libstreaming,1982
https://github.com/iammert/MaterialIntroView,1979
https://github.com/xmuSistone/CardSlidePanel,1979
https://github.com/2dxgujun/AndroidTagGroup,1978
https://github.com/tjerkw/Android-SlideExpandableListView,1976
https://github.com/balysv/material-ripple,1972
https://github.com/square/tape,1972
https://github.com/pchmn/MaterialChipsInput,1971
https://github.com/dreamhead/moco,1969
https://github.com/jhalterman/failsafe,1964
https://github.com/PomepuyN/BlurEffectForAndroidDesign,1963
https://github.com/mikepenz/AboutLibraries,1962
https://github.com/jfoenixadmin/JFoenix,1961
https://github.com/simple-android-framework/android_design_patterns_analysis,1959
https://github.com/amirzaidi/Launcher3,1957
https://github.com/rstudio/rstudio,1957
https://github.com/chewiebug/GCViewer,1956
https://github.com/bigbluebutton/bigbluebutton,1950
https://github.com/android-cjj/Android-MaterialRefreshLayout,1949
https://github.com/kymjs/KJFrameForAndroid,1946
https://github.com/Diolor/Swipecards,1945
https://github.com/liyifeng1994/ssm,1942
https://github.com/facebook/device-year-class,1940
https://github.com/bonnyfone/vectalign,1938
https://github.com/vikramkakkar/SublimePicker,1936
https://github.com/mikepenz/FastAdapter,1935
https://github.com/ata4/disunity,1932
https://github.com/react-native-community/react-native-svg,1931
https://github.com/Wizcorp/phonegap-facebook-plugin,1931
https://github.com/Piasy/BigImageViewer,1928
https://github.com/skavanagh/KeyBox,1927
https://github.com/lygttpod/SuperTextView,1927
https://github.com/danikula/AndroidVideoCache,1926
https://github.com/apache/tomcat,1925
https://github.com/bmelnychuk/AndroidTreeView,1922
https://github.com/chanjarster/weixin-java-tools,1912
https://github.com/zcweng/ToggleButton,1912
https://github.com/wildfly/wildfly,1909
https://github.com/ldoublem/LoadingView,1909
https://github.com/konmik/nucleus,1901
https://github.com/JackyAndroid/AndroidTVLauncher,1898
https://github.com/apache/incubator-skywalking,1896
https://github.com/JackyAndroid/AndroidChromium,1893
https://github.com/spring-projects/spring-loaded,1889
https://github.com/mcharmas/Android-ReactiveLocation,1889
https://github.com/spotify/helios,1888
https://github.com/mongodb/mongo-java-driver,1886
https://github.com/AnderWeb/discreteSeekBar,1884
https://github.com/mybatis/generator,1883
https://github.com/jgilfelt/android-sqlite-asset-helper,1877
https://github.com/bingoogolapple/BGABadgeView-Android,1876
https://github.com/flavienlaurent/datetimepicker,1873
https://github.com/dyc87112/SpringBoot-Learning,1873
https://github.com/ZieIony/Carbon,1871
https://github.com/TommyLemon/Android-ZBLibrary,1871
https://github.com/mcharmas/android-parcelable-intellij-plugin,1870
https://github.com/GitLqr/LQRWeChat,1864
https://github.com/LuckyJayce/ViewPagerIndicator,1852
https://github.com/googlesamples/android-vision,1851
https://github.com/square/keywhiz,1851
https://github.com/crate/crate,1851
https://github.com/fqrouter/fqrouter,1848
https://github.com/pakerfeldt/android-viewflow,1847
https://github.com/yqritc/RecyclerView-FlexibleDivider,1846
https://github.com/zzhoujay/RichText,1844
https://github.com/baoyongzhang/android-PullRefreshLayout,1842
https://github.com/Bukkit/Bukkit,1837
https://github.com/white-cat/ThinkAndroid,1837
https://github.com/brianfrankcooper/YCSB,1830
https://github.com/appsthatmatter/GraphView,1829
https://github.com/keycloak/keycloak,1826
https://github.com/zzz40500/AndroidSweetSheet,1826
https://github.com/termux/termux-app,1826
https://github.com/MikeOrtiz/TouchImageView,1822
https://github.com/JakeWharton/ThreeTenABP,1821
https://github.com/Zomato/AndroidPhotoFilters,1819
https://github.com/cryptomator/cryptomator,1818
https://github.com/grandcentrix/tray,1818
https://github.com/Karumi/Rosie,1815
https://github.com/Dimezis/BlurView,1815
https://github.com/lihengming/spring-boot-api-project-seed,1809
https://github.com/mikepenz/LollipopShowcase,1806
https://github.com/florent37/ViewAnimator,1805
https://github.com/aritraroy/PatternLockView,1804
https://github.com/raphw/byte-buddy,1800
https://github.com/dubbo/dubbo-spring-boot-project,1798
https://github.com/IsseiAoki/SimpleCropView,1794
https://github.com/zagum/Android-SwitchIcon,1791
https://github.com/novoda/android-demos,1789
https://github.com/immutables/immutables,1789
https://github.com/Aspsine/SwipeToLoadLayout,1787
https://github.com/google/wycheproof,1785
https://github.com/Sunzxyong/Tiny,1785
https://github.com/hitherejoe/Android-Boilerplate,1784
https://github.com/ronmamo/reflections,1783
https://github.com/elevenetc/TextSurface,1781
https://github.com/undertow-io/undertow,1780
https://github.com/sharish/ShimmerRecyclerView,1780
https://github.com/Netflix/curator,1779
https://github.com/ToxicBakery/ViewPagerTransforms,1776
https://github.com/OpenGrok/OpenGrok,1776
https://github.com/ApmeM/android-flowlayout,1773
https://github.com/zhouchaoyuan/excelPanel,1772
https://github.com/balsikandar/Android-Studio-Plugins,1770
https://github.com/RomainPiel/Shimmer-android,1770
https://github.com/rovo89/XposedInstaller,1769
https://github.com/bisq-network/exchange,1768
https://github.com/youtube/api-samples,1768
https://github.com/AltBeacon/android-beacon-library,1768
https://github.com/dmilicic/Android-Clean-Boilerplate,1767
https://github.com/uber/RIBs,1766
https://github.com/spring-projects/spring-petclinic,1766
https://github.com/detro/ghostdriver,1765
https://github.com/watabou/pixel-dungeon,1764
https://github.com/oasisfeng/condom,1764
https://github.com/KieronQuinn/PersistentSearch,1761
https://github.com/AigeStudio/WheelPicker,1756
https://github.com/hefuyicoder/ListenerMusicPlayer,1756
https://github.com/spockframework/spock,1755
https://github.com/MagicMashRoom/SuperCalendar,1755
https://github.com/Yalantis/FlipViewPager.Draco,1753
https://github.com/linkedin/databus,1750
https://github.com/ninjaframework/ninja,1750
https://github.com/Netflix/ribbon,1749
https://github.com/bitcoinj/bitcoinj,1744
https://github.com/rallat/EffectiveAndroid,1742
https://github.com/matrixxun/ProductTour,1738
https://github.com/lapism/SearchView,1737
https://github.com/graphql-java/graphql-java,1736
https://github.com/jdsjlzx/LRecyclerView,1732
https://github.com/flavienlaurent/NotBoringActionBar,1731
https://github.com/AntennaPod/AntennaPod,1731
https://github.com/objectbox/objectbox-java,1730
https://github.com/pqpo/SmartCropper,1730
https://github.com/eclipse/jetty.project,1729
https://github.com/huazhiyuan2008/RecyclerViewCardGallery,1728
https://github.com/H07000223/FlycoDialog_Master,1720
https://github.com/addthis/stream-lib,1720
https://github.com/gjiazhe/PanoramaImageView,1719
https://github.com/phishman3579/java-algorithms-implementation,1717
https://github.com/elye/loaderviewlibrary,1716
https://github.com/jaydenxiao2016/AndroidFire,1715
https://github.com/lyft/scissors,1713
https://github.com/Freeyourgadget/Gadgetbridge,1709
https://github.com/iwgang/CountdownView,1708
https://github.com/wangdan/AisenWeiBo,1708
https://github.com/Jude95/EasyRecyclerView,1707
https://github.com/spring-cloud/spring-cloud-netflix,1707
https://github.com/M66B/XPrivacy,1703
https://github.com/Nightonke/CoCoin,1703
https://github.com/goldmansachs/gs-collections,1702
https://github.com/r0adkll/Slidr,1702
https://github.com/JorgeCastilloPrz/AndroidFillableLoaders,1700
https://github.com/fanrunqi/MaterialLogin,1700
https://github.com/jackpal/Android-Terminal-Emulator,1697
https://github.com/linkedin/rest.li,1696
https://github.com/http-kit/http-kit,1696
https://github.com/zjw-swun/AppMethodOrder,1694
https://github.com/languagetool-org/languagetool,1694
https://github.com/cglib/cglib,1694
https://github.com/tvbarthel/BlurDialogFragment,1691
https://github.com/steelkiwi/cropiwa,1688
https://github.com/recruit-lifestyle/WaveSwipeRefreshLayout,1685
https://github.com/nutzam/nutz,1685
https://github.com/sockeqwe/AdapterDelegates,1680
https://github.com/facebook/react-native-fbsdk,1679
https://github.com/moezbhatti/qksms,1678
https://github.com/AbrahamCaiJin/CommonUtilLibrary,1678
https://github.com/JoanZapata/base-adapter-helper,1674
https://github.com/linkedin/pinot,1674
https://github.com/tyzlmjj/PagerBottomTabStrip,1670
https://github.com/powermock/powermock,1670
https://github.com/react-native-community/react-native-blur,1669
https://github.com/Yalantis/StarWars.Android,1669
https://github.com/XunMengWinter/CircularAnim,1667
https://github.com/google/tiger,1665
https://github.com/libgdx/packr,1664
https://github.com/junit-team/junit5,1663
https://github.com/Yalantis/Horizon,1662
https://github.com/esoxjem/MovieGuide,1662
https://github.com/VictorAlbertos/RxCache,1661
https://github.com/Skykai521/ECTranslation,1661
https://github.com/skyfishjy/android-ripple-background,1657
https://github.com/tinkerpop/gremlin,1657
https://github.com/yadav-rahul/TastyToast,1657
https://github.com/TheFinestArtist/FinestWebView-Android,1657
https://github.com/garretyoder/Colorful,1657
https://github.com/maurycyw/StaggeredGridView,1656
https://github.com/rmtheis/android-ocr,1655
https://github.com/wingjay/jianshi,1655
https://github.com/LaiFeng-Android/SopCastComponent,1651
https://github.com/FinalTeam/RxGalleryFinal,1651
https://github.com/apache/hbase,1650
https://github.com/torodb/stampede,1650
https://github.com/Devlight/NavigationTabStrip,1646
https://github.com/Cleveroad/FanLayoutManager,1644
https://github.com/Naoki2015/CircleDemo,1643
https://github.com/vipulasri/Timeline-View,1640
https://github.com/googlesamples/android-testing-templates,1637
https://github.com/qs-lll/ExpandingPager,1637
https://github.com/klinker24/Talon-for-Twitter,1636
https://github.com/apache/hive,1634
https://github.com/CrawlScript/WebCollector,1631
https://github.com/seiginonakama/BlockCanaryEx,1630
https://github.com/artem-zinnatullin/qualitymatters,1628
https://github.com/bm-x/PhotoView,1628
https://github.com/ratpack/ratpack,1625
https://github.com/robovm/robovm,1624
https://github.com/mthli/Knife,1623
https://github.com/spring-projects/spring-data-examples,1622
https://github.com/florent37/CameraFragment,1618
https://github.com/amitshekhariitbhu/awesome-android-complete-reference,1616
https://github.com/hongyangAndroid/android-percent-support-extend,1614
https://github.com/TeamAmaze/AmazeFileManager,1614
https://github.com/Deletescape-Media/Lawnchair,1612
https://github.com/AigeStudio/DatePicker,1607
https://github.com/daimajia/AnimeTaste,1607
https://github.com/notnoop/java-apns,1607
https://github.com/tuesda/CircleRefreshLayout,1605
https://github.com/cucumber/cucumber-jvm,1605
https://github.com/jMonkeyEngine/jmonkeyengine,1603
https://github.com/dexafree/MaterialList,1603
https://github.com/videlalvaro/gifsockets,1600
https://github.com/Rajawali/Rajawali,1599
https://github.com/AriaLyy/Aria,1598
https://github.com/neokree/MaterialNavigationDrawer,1598
https://github.com/Ramotion/paper-onboarding-android,1598
https://github.com/wordpress-mobile/WordPress-Android,1597
https://github.com/Jasonchenlijian/FastBle,1597
https://github.com/bluejamesbond/TextJustify-Android,1594
https://github.com/fengjundev/Android-Skin-Loader,1593
https://github.com/phonegap/phonegap-plugin-push,1592
https://github.com/henrytao-me/smooth-app-bar-layout,1591
https://github.com/eluleci/FlatUI,1588
https://github.com/jjdxmashl/jjdxm_ijkplayer,1588
https://github.com/athkalia/Just-Another-Android-App,1585
https://github.com/mcxtzhang/SwipeDelMenuLayout,1584
https://github.com/apache/camel,1583
https://github.com/sephiroth74/ImageViewZoom,1579
https://github.com/fython/MaterialStepperView,1577
https://github.com/tumblr/Backboard,1575
https://github.com/codeestX/ENViews,1571
https://github.com/killbill/killbill,1564
https://github.com/inmite/android-selector-chapek,1563
https://github.com/WritingMinds/ffmpeg-android-java,1563
https://github.com/apache/beam,1561
https://github.com/timmolter/XChange,1559
https://github.com/RomainPiel/Titanic,1556
https://github.com/JakeWharton/RxRelay,1554
https://github.com/iPaulPro/aFileChooser,1552
https://github.com/querydsl/querydsl,1552
https://github.com/igniterealtime/Smack,1550
https://github.com/Yalantis/Taurus,1548
https://github.com/VerbalExpressions/JavaVerbalExpressions,1545
https://github.com/nispok/snackbar,1541
https://github.com/lendylongli/qianghongbao,1541
https://github.com/Trinea/android-auto-scroll-view-pager,1540
https://github.com/zouzg/mybatis-generator-gui,1538
https://github.com/Rukey7/MvpApp,1538
https://github.com/niorgai/StatusBarCompat,1536
https://github.com/pwnall/chromeview,1535
https://github.com/brianway/java-learning,1533
https://github.com/kanytu/android-parallax-recyclerview,1532
https://github.com/dodola/HotFix,1531
https://github.com/alexvasilkov/FoldableLayout,1530
https://github.com/Luosunce/material-design-data,1525
https://github.com/aragozin/jvm-tools,1521
https://github.com/ICT-BDA/EasyML,1521
https://github.com/square/assertj-android,1520
https://github.com/react-native-community/react-native-linear-gradient,1517
https://github.com/Kaopiz/android-segmented-control,1516
https://github.com/redsolution/xabber-android,1516
https://github.com/stfalcon-studio/ChatKit,1513
https://github.com/l123456789jy/Lazy,1512
https://github.com/Netflix/archaius,1511
https://github.com/Tibolte/ElasticDownload,1510
https://github.com/gre/gl-react-native-v2,1510
https://github.com/jaredrummler/AnimatedSvgView,1509
https://github.com/azkaban/azkaban,1508
https://github.com/kabouzeid/Phonograph,1505
https://github.com/iSoron/uhabits,1504
https://github.com/FasterXML/jackson-databind,1504
https://github.com/twosigma/beakerx,1501
https://github.com/tiann/understand-plugin-framework,1498
https://github.com/woxingxiao/BubbleSeekBar,1498
https://github.com/dinuscxj/RecyclerRefreshLayout,1497
https://github.com/xmuSistone/AndroidPileLayout,1495
https://github.com/linger1216/labelview,1495
https://github.com/Athou/commafeed,1493
https://github.com/felipecsl/AsymmetricGridView,1492
https://github.com/pzxwhc/MineKnowContainer,1491
https://github.com/airbnb/AirMapView,1490
https://github.com/alexvasilkov/GestureViews,1490
https://github.com/pwittchen/ReactiveNetwork,1489
https://github.com/lawloretienne/QuickReturn,1489
https://github.com/mybatis/spring-boot-starter,1488
https://github.com/gotev/android-upload-service,1487
https://github.com/Kelin-Hong/ScrollablePanel,1485
https://github.com/groovy/groovy-core,1484
https://github.com/MostafaGazar/CustomShapeImageView,1480
https://github.com/timusus/Shuttle,1478
https://github.com/Froussios/Intro-To-RxJava,1478
https://github.com/frogermcs/LikeAnimation,1474
https://github.com/yingLanNull/ShadowImageView,1473
https://github.com/Krupen/FabulousFilter,1469
https://github.com/mancj/SlideUp-Android,1468
https://github.com/apache/incubator-pulsar,1468
https://github.com/google/google-java-format,1467
https://github.com/byoutline/kickmaterial,1466
https://github.com/pbreault/adb-idea,1465
https://github.com/LyndonChin/AndroidRubberIndicator,1465
https://github.com/apache/nutch,1465
https://github.com/eoinfogarty/Onboarding,1464
https://github.com/yydcdut/PhotoNoter,1463
https://github.com/MatthiasRobbers/shortbread,1462
https://github.com/cSploit/android,1460
https://github.com/harism/android_page_curl,1460
https://github.com/mcxtzhang/ZLayoutManager,1458
https://github.com/zzz40500/android-shapeLoadingView,1457
https://github.com/apache/jmeter,1455
https://github.com/ImmortalZ/TransitionHelper,1454
https://github.com/dodola/RocooFix,1453
https://github.com/joyoyao/superCleanMaster,1452
https://github.com/HeZaiJin/SlantedTextView,1452
https://github.com/ltsopensource/light-task-scheduler,1448
https://github.com/javaparser/javaparser,1447
https://github.com/afollestad/aesthetic,1447
https://github.com/ZhaoKaiQiang/KLog,1447
https://github.com/UFreedom/FloatingView,1446
https://github.com/MiCode/Notes,1446
https://github.com/gongwen/MarqueeViewLibrary,1445
https://github.com/xmuSistone/VerticalSlideFragment,1444
https://github.com/commonsguy/cw-advandroid,1444
https://github.com/twitter/commons,1443
https://github.com/Muddz/StyleableToast,1442
https://github.com/TonicArtos/StickyGridHeaders,1441
https://github.com/armcha/Space-Navigation-View,1441
https://github.com/jitsi/jitsi,1441
https://github.com/Red5/red5-server,1441
https://github.com/BaronZ88/MinimalistWeather,1441
https://github.com/seven332/EhViewer,1435
https://github.com/hidroh/materialistic,1435
https://github.com/parse-community/Parse-SDK-Android,1431
https://github.com/zhanglei-workspace/shopping-management-system,1430
https://github.com/oldmanpushcart/greys-anatomy,1429
https://github.com/btraceio/btrace,1429
https://github.com/ImmortalZ/StereoView,1425
https://github.com/Azoft/CarouselLayoutManager,1423
https://github.com/auth0/java-jwt,1421
https://github.com/kikoso/Swipeable-Cards,1421
https://github.com/DreaminginCodeZH/MaterialProgressBar,1419
https://github.com/dersoncheng/MultipleTheme,1419
https://github.com/luojilab/DDComponentForAndroid,1419
https://github.com/nekocode/CameraFilter,1419
https://github.com/siyamed/android-satellite-menu,1417
https://github.com/dodola/MetaballLoading,1417
https://github.com/code4craft/netty-learning,1416
https://github.com/pilgr/Paper,1415
https://github.com/mmin18/FlexLayout,1413
https://github.com/tdebatty/java-string-similarity,1410
https://github.com/graphhopper/graphhopper,1410
https://github.com/EverythingMe/overscroll-decor,1408
https://github.com/igniterealtime/Openfire,1408
https://github.com/card-io/card.io-Android-SDK,1407
https://github.com/akexorcist/Android-RoundCornerProgressBar,1405
https://github.com/hussien89aa/AndroidTutorialForBeginners,1403
https://github.com/geometer/FBReaderJ,1401
https://github.com/mpusher/mpush,1401
https://github.com/Jungerr/GridPasswordView,1400
https://github.com/stephentuso/welcome-android,1399
https://github.com/traex/ExpandableLayout,1399
https://github.com/majidgolshadi/Android-Download-Manager-Pro,1396
https://github.com/Cutta/GifView,1396
https://github.com/brianway/webporter,1395
https://github.com/plattysoft/Leonids,1393
https://github.com/Polidea/RxAndroidBle,1392
https://github.com/zeromq/jeromq,1389
https://github.com/medyo/android-about-page,1387
https://github.com/Cleveroad/AdaptiveTableLayout,1386
https://github.com/johannilsson/android-actionbar,1384
https://github.com/gchq/Gaffer,1382
https://github.com/gitblit/gitblit,1375
https://github.com/romainguy/road-trip,1373
https://github.com/sqlcipher/android-database-sqlcipher,1372
https://github.com/JZ-Darkal/AndroidHttpCapture,1371
https://github.com/nex3z/FlowLayout,1371
https://github.com/keklikhasan/LDrawer,1370
https://github.com/gowong/material-sheet-fab,1370
https://github.com/gouthampradhan/leetcode,1369
https://github.com/fabric8io/fabric8,1367
https://github.com/markushi/android-circlebutton,1367
https://github.com/syncany/syncany,1367
https://github.com/maoruibin/TranslateApp,1367
https://github.com/johnkil/Android-AppMsg,1366
https://github.com/Ramotion/expanding-collection-android,1365
https://github.com/friendlyrobotnyc/TinyDancer,1365
https://github.com/flavienlaurent/discrollview,1365
https://github.com/liuling07/SimpleNews,1364
https://github.com/psal/anonymouth,1362
https://github.com/apache/ignite,1361
https://github.com/daCapricorn/ArcMenu,1360
https://github.com/liaoinstan/SpringView,1358
https://github.com/jOOQ/jOOR,1358
https://github.com/elvishew/xLog,1357
https://github.com/floragunncom/search-guard,1356
https://github.com/harjot-oberai/MaterialShadows,1356
https://github.com/wenmingvs/NotifyUtil,1355
https://github.com/kmshack/Android-ParallaxHeaderViewPager,1354
https://github.com/FudanNLP/fnlp,1354
https://github.com/stfalcon-studio/FrescoImageViewer,1354
https://github.com/quartz-scheduler/quartz,1354
https://github.com/Hitomis/transferee,1353
https://github.com/soabase/exhibitor,1352
https://github.com/neokree/MaterialTabs,1350
https://github.com/houkx/android-pluginmgr,1349
https://github.com/android10/frodo,1349
https://github.com/google/jimfs,1348
https://github.com/crazycodeboy/react-native-splash-screen,1346
https://github.com/jphp-compiler/jphp,1346
https://github.com/pentaho/pentaho-kettle,1345
https://github.com/DroidNinja/Android-FilePicker,1344
https://github.com/AndroidKnife/RxBus,1343
https://github.com/JessYanCoding/ProgressManager,1341
https://github.com/HoneyNeutrons/RecyclerViewUndoSwipe,1340
https://github.com/qdrzwd/VideoRecorder,1339
https://github.com/yanzhenjie/Album,1339
https://github.com/roomorama/Caldroid,1339
https://github.com/oubowu/OuNews,1338
https://github.com/hongyangAndroid/AndroidChangeSkin,1337
https://github.com/lguipeng/Notes,1334
https://github.com/jcoleman/tomcat-redis-session-manager,1333
https://github.com/Flowdalic/asmack,1333
https://github.com/nanchen2251/CompressHelper,1332
https://github.com/mayubao/Android-Pay,1331
https://github.com/mttkay/ignition,1330
https://github.com/multidots/android-app-common-tasks,1330
https://github.com/apache/shiro,1328
https://github.com/Q42/AndroidScrollingImageView,1328
https://github.com/RoboBinding/RoboBinding,1326
https://github.com/xmuSistone/VegaLayoutManager,1325
https://github.com/nisrulz/easydeviceinfo,1325
https://github.com/Kong/unirest-java,1324
https://github.com/jeasonlzy/NineGridView,1324
https://github.com/anjlab/android-inapp-billing-v3,1323
https://github.com/medyo/Fancybuttons,1323
https://github.com/chenupt/DragTopLayout,1320
https://github.com/uber/NullAway,1319
https://github.com/LuckyJayce/MVCHelper,1318
https://github.com/rubensousa/FloatingToolbar,1318
https://github.com/Yalantis/pull-to-make-soup,1318
https://github.com/alibaba/TProfiler,1317
https://github.com/loopeer/CardStackView,1315
https://github.com/HdrHistogram/HdrHistogram,1315
https://github.com/gcacace/android-signaturepad,1315
https://github.com/antoniolg/MaterialEverywhere,1314
https://github.com/blackfizz/EazeGraph,1314
https://github.com/FasterXML/jackson-core,1313
https://github.com/traex/CalendarListview,1312
https://github.com/romainguy/google-io-2014,1312
https://github.com/tangqi92/WaveLoadingView,1311
https://github.com/code-mc/loadtoast,1311
https://github.com/liuguangqiang/SwipeBack,1309
https://github.com/heinrichreimer/material-intro,1308
https://github.com/yahoo/mysql_perf_analyzer,1308
https://github.com/mongodb/mongo-hadoop,1308
https://github.com/spring-io/sagan,1306
https://github.com/arcadefire/nice-spinner,1306
https://github.com/DmitryMalkovich/material-design-dimens,1305
https://github.com/apache/mahout,1304
https://github.com/mmin18/AndroidDynamicLoader,1303
https://github.com/liquibase/liquibase,1302
https://github.com/apache/lucene-solr,1302
https://github.com/OryxProject/oryx,1301
https://github.com/mik3y/usb-serial-for-android,1301
https://github.com/vekexasia/android-edittext-validator,1300
https://github.com/terrakok/Cicerone,1298
https://github.com/DaxiaK/MyDiary,1297
https://github.com/pmd/pmd,1296
https://github.com/hehonghui/AndroidEventBus,1295
https://github.com/frogermcs/AndroidDevMetrics,1293
https://github.com/500px/greedo-layout-for-android,1292
https://github.com/loopj/android-smart-image-view,1291
https://github.com/omadahealth/LolliPin,1291
https://github.com/promeG/TinyPinyin,1291
https://github.com/romannurik/Android-SwipeToDismiss,1289
https://github.com/ffay/lanproxy,1289
https://github.com/dmytrodanylyk/folding-plugin,1289
https://github.com/LuckyJayce/LargeImage,1287
https://github.com/jamesdbloom/mockserver,1286
https://github.com/jmxtrans/jmxtrans,1285
https://github.com/yahoo/squidb,1285
https://github.com/czy1121/update,1285
https://github.com/spotify/docker-maven-plugin,1284
https://github.com/wasabeef/picasso-transformations,1283
https://github.com/ityouknow/spring-boot-examples,1280
https://github.com/liaohuqiu/android-GridViewWithHeaderAndFooter,1280
https://github.com/TakuSemba/MultiSnapRecyclerView,1279
https://github.com/xamarin/XobotOS,1278
https://github.com/abel533/MyBatis-Spring-Boot,1278
https://github.com/osmandapp/Osmand,1278
https://github.com/square/phrase,1277
https://github.com/jaredrummler/AndroidProcesses,1277
https://github.com/PlusHaze/TrayNotification,1276
https://github.com/OpenHFT/Chronicle-Queue,1276
https://github.com/HuTianQi/QQ,1275
https://github.com/nickbutcher/AnimatorDurationTile,1275
https://github.com/j256/ormlite-android,1275
https://github.com/M66B/NetGuard,1274
https://github.com/hamcrest/JavaHamcrest,1268
https://github.com/huxq17/XRefreshView,1268
https://github.com/flschweiger/SwipeStack,1265
https://github.com/googlesamples/android-Camera2Basic,1265
https://github.com/tinkerpop/blueprints,1263
https://github.com/renaudcerrato/FloatingSearchView,1262
https://github.com/vert-x3/vertx-examples,1261
https://github.com/motianhuo/VCameraDemo,1260
https://github.com/tarek360/RichPath,1257
https://github.com/firebase/firebase-jobdispatcher-android,1256
https://github.com/chenBingX/SuperTextView,1256
https://github.com/JCTools/JCTools,1255
https://github.com/Avocarrot/json2view,1254
https://github.com/cundong/HeaderAndFooterRecyclerView,1253
https://github.com/klinker24/Android-TextView-LinkBuilder,1253
https://github.com/f2prateek/rx-preferences,1253
https://github.com/AdoptOpenJDK/jitwatch,1253
https://github.com/deeplearning4j/nd4j,1253
https://github.com/Yalantis/ToDoList,1252
https://github.com/aosp-mirror/platform_frameworks_support,1252
https://github.com/jboss-javassist/javassist,1251
https://github.com/albertlatacz/java-repl,1251
https://github.com/JZXiang/TimePickerDialog,1249
https://github.com/UweTrottmann/SeriesGuide,1249
https://github.com/Cleveroad/WaveInApp,1249
https://github.com/sannies/mp4parser,1248
https://github.com/litesuits/android-lite-orm,1247
https://github.com/florent37/GlidePalette,1247
https://github.com/AhmadElsagheer/Competitive-programming-library,1247
https://github.com/AAkira/ExpandableLayout,1244
https://github.com/Sunzxyong/Recovery,1241
https://github.com/stephanenicolas/Quality-Tools-for-Android,1241
https://github.com/Ramotion/cardslider-android,1241
https://github.com/txusballesteros/bubbles-for-android,1240
https://github.com/stepstone-tech/android-material-stepper,1238
https://github.com/real-logic/simple-binary-encoding,1236
https://github.com/hehonghui/Colorful,1235
https://github.com/takahirom/PreLollipopTransition,1232
https://github.com/apache/kylin,1231
https://github.com/brianwernick/ExoMedia,1230
https://github.com/spring-guides/tut-spring-security-and-angular-js,1229
https://github.com/MiCode/FileExplorer,1229
https://github.com/vaadin/framework,1228
https://github.com/ManuelPeinado/GlassActionBar,1228
https://github.com/boycy815/PinchImageView,1228
https://github.com/mongodb/morphia,1227
https://github.com/googlesamples/android-play-location,1226
https://github.com/antoniolg/MaterializeYourApp,1226
https://github.com/google/truth,1225
https://github.com/Codecademy/EventHub,1224
https://github.com/liaohuqiu/android-UCToast,1224
https://github.com/yigit/dev-summit-architecture-demo,1223
https://github.com/D-clock/AndroidDaemonService,1220
https://github.com/SeldonIO/seldon-server,1220
https://github.com/abel533/Mapper,1219
https://github.com/federicoiosue/Omni-Notes,1218
https://github.com/txusballesteros/welcome-coordinator,1216
https://github.com/kaku2015/ColorfulNews,1216
https://github.com/linyiqun/DataMiningAlgorithm,1214
https://github.com/oney/react-native-webrtc,1213
https://github.com/PrivacyApps/html-textview,1212
https://github.com/wnafee/vector-compat,1212
https://github.com/wenmingvs/WeiBo,1210
https://github.com/kymjs/TheMVP,1209
https://github.com/avjinder/Minimal-Todo,1209
https://github.com/mancj/MaterialSearchBar,1209
https://github.com/kiegroup/drools,1208
https://github.com/lgvalle/android-flux-todo-app,1208
https://github.com/ZuYun/Jgraph,1206
https://github.com/eschao/android-PageFlip,1206
https://github.com/speedment/speedment,1205
https://github.com/MrEngineer13/SnackBar,1205
https://github.com/thest1/LazyList,1205
https://github.com/baomidou/mybatis-plus,1203
https://github.com/NLPIR-team/NLPIR,1202
https://github.com/anton46/Android-StepsView,1202
https://github.com/pingpongboss/StandOut,1201
https://github.com/eoecn/android-app,1201
https://github.com/wangchenyan/PonyMusic,1200
https://github.com/wingjay/BlurImageView,1200
https://github.com/qiujuer/ImageBlurring,1199
https://github.com/sealtalk/sealtalk-android,1196
https://github.com/Instagram/ig-json-parser,1195
https://github.com/mattdesl/lwjgl-basics,1195
https://github.com/badoualy/stepper-indicator,1193
https://github.com/confluentinc/ksql,1193
https://github.com/race604/WaveLoading,1193
https://github.com/long1eu/SpaceTabLayout,1193
https://github.com/hongyangAndroid/Android_Blog_Demos,1193
https://github.com/mzule/FantasySlide,1192
https://github.com/akexorcist/Android-BluetoothSPPLibrary,1192
https://github.com/zaaach/CityPicker,1191
https://github.com/guoguibing/librec,1190
https://github.com/crossoverJie/SSM,1190
https://github.com/spring-projects/spring-integration-samples,1190
https://github.com/bignerdranch/expandable-recycler-view,1190
https://github.com/spotify/apollo,1189
https://github.com/sirthias/pegdown,1188
https://github.com/spullara/mustache.java,1188
https://github.com/orbit/orbit,1188
https://github.com/liaohuqiu/cube-sdk,1188
https://github.com/osmdroid/osmdroid,1187
https://github.com/jpardogo/GoogleProgressBar,1187
https://github.com/blipinsk/RecyclerViewHeader,1187
https://github.com/andyxialm/SmoothCheckBox,1186
https://github.com/Ramotion/garland-view-android,1184
https://github.com/nntuyen/mkloader,1182
https://github.com/moagrius/TileView,1181
https://github.com/dyc87112/SpringCloud-Learning,1180
https://github.com/romannurik/Android-WizardPager,1180
https://github.com/stagemonitor/stagemonitor,1178
https://github.com/afollestad/drag-select-recyclerview,1178
https://github.com/ribot/ribot-app-android,1177
https://github.com/Hitomis/FunGameRefresh,1177
https://github.com/badoo/android-weak-handler,1177
https://github.com/Netflix/servo,1175
https://github.com/OpenHFT/Chronicle-Map,1175
https://github.com/florent37/MaterialTextField,1175
https://github.com/changmingxie/tcc-transaction,1173
https://github.com/saulmm/Curved-Fab-Reveal-Example,1173
https://github.com/EsotericSoftware/kryonet,1173
https://github.com/limpoxe/Android-Plugin-Framework,1172
https://github.com/ppamorim/Dragger,1172
https://github.com/TakuSemba/Spotlight,1172
https://github.com/twitter/ambrose,1171
https://github.com/eleme/Amigo,1170
https://github.com/apache/flume,1169
https://github.com/mixi-inc/AndroidTraining,1169
https://github.com/facebook/TextLayoutBuilder,1169
https://github.com/googlesamples/android-PictureInPicture,1168
https://github.com/apache/commons-lang,1166
https://github.com/mikepenz/Android-ActionItemBadge,1165
https://github.com/andreasschrade/android-design-template,1163
https://github.com/javamelody/javamelody,1160
https://github.com/atomashpolskiy/bt,1160
https://github.com/SimonVT/schematic,1159
https://github.com/renaudcerrato/ToggleDrawable,1159
https://github.com/linfaxin/TransitionPlayer,1158
https://github.com/mapbox/react-native-mapbox-gl,1158
https://github.com/klinker41/android-slidingactivity,1158
https://github.com/lisawray/groupie,1158
https://github.com/frohoff/ysoserial,1157
https://github.com/commonsguy/cw-android,1157
https://github.com/nkzawa/socket.io-android-chat,1156
https://github.com/toddway/MaterialTransitions,1156
https://github.com/JeasonWong/Particle,1155
https://github.com/LarsWerkman/HoloColorPicker,1155
https://github.com/Dreampie/Resty,1154
https://github.com/aNNiMON/Lightweight-Stream-API,1154
https://github.com/mmin18/RealtimeBlurView,1154
https://github.com/xiepeijie/SwipeCardView,1153
https://github.com/qos-ch/logback,1153
https://github.com/Pkmmte/CircularImageView,1153
https://github.com/tananaev/traccar,1152
https://github.com/stuxuhai/jpinyin,1152
https://github.com/BakerJQ/Android-InfiniteCards,1150
https://github.com/ivan-vasilev/neuralnetworks,1150
https://github.com/jingle1267/android-utils,1149
https://github.com/Jude95/SwipeBackHelper,1149
https://github.com/google/santa-tracker-android,1149
https://github.com/kairosdb/kairosdb,1148
https://github.com/dongjunkun/CouponView,1148
https://github.com/jOOQ/jOOL,1146
https://github.com/rosenpin/FadingTextView,1146
https://github.com/galenframework/galen,1146
https://github.com/KeepSafe/ReLinker,1145
https://github.com/apache/incubator-gobblin,1145
https://github.com/gelitenight/WaveView,1145
https://github.com/chinashiyu/gfw.press,1145
https://github.com/SundeepK/CompactCalendarView,1144
https://github.com/omkarmoghe/Pokemap,1144
https://github.com/survivingwithandroid/Surviving-with-android,1142
https://github.com/GDG-Korea/PinterestLikeAdapterView,1141
https://github.com/elastic/elasticsearch-hadoop,1140
https://github.com/java8/Java8InAction,1139
https://github.com/sleekbyte/tailor,1138
https://github.com/reactor/reactor-core,1138
https://github.com/Arello-Mobile/Moxy,1138
https://github.com/jberkel/sms-backup-plus,1138
https://github.com/waynell/VideoListPlayer,1137
https://github.com/k0shk0sh/PermissionHelper,1136
https://github.com/zserge/anvil,1136
https://github.com/kymjs/RxVolley,1135
https://github.com/asyl/ArcAnimator,1135
https://github.com/liferay/liferay-portal,1134
https://github.com/dmytrodanylyk/shadow-layout,1133
https://github.com/android-notes/Cockroach,1132
https://github.com/saulmm/Avengers,1132
https://github.com/tough1985/RxjavaRetrofitDemo,1131
https://github.com/wangjiegulu/WheelView,1131
https://github.com/jasonpolites/gesture-imageview,1131
https://github.com/ogaclejapan/ArcLayout,1130
https://github.com/thymeleaf/thymeleaf,1129
https://github.com/FolioReader/FolioReader-Android,1128
https://github.com/shekhargulati/java8-the-missing-tutorial,1128
https://github.com/janishar/PlaceHolderView,1126
https://github.com/dlazaro66/QRCodeReaderView,1124
https://github.com/bravoborja/ReadMoreTextView,1124
https://github.com/wrapp-archive/floatlabelededittext,1121
https://github.com/google/volley,1121
https://github.com/team-supercharge/ShimmerLayout,1120
https://github.com/sarxos/webcam-capture,1119
https://github.com/greenrobot/essentials,1119
https://github.com/JeroenMols/LandscapeVideoCamera,1119
https://github.com/vivian8725118/TimeLine,1119
https://github.com/jokermonn/permissions4m,1119
https://github.com/harjot-oberai/VectorMaster,1118
https://github.com/Piasy/RxAndroidAudio,1117
https://github.com/siriscac/RippleView,1117
https://github.com/DxTT/coolMenu,1117
https://github.com/apache/geode,1116
https://github.com/jdeferred/jdeferred,1116
https://github.com/scottyab/secure-preferences,1116
https://github.com/microg/android_packages_apps_GmsCore,1114
https://github.com/6thsolution/EasyMVP,1114
https://github.com/uber/okbuck,1114
https://github.com/eclipse/openj9,1114
https://github.com/WuXiaolong/PullLoadMoreRecyclerView,1110
https://github.com/hoang8f/android-flat-button,1110
https://github.com/john990/WaveView,1108
https://github.com/shekhargulati/strman-java,1108
https://github.com/mybatis/spring,1106
https://github.com/f2prateek/dart,1105
https://github.com/commonsguy/cwac-camera,1105
https://github.com/razerdp/BasePopup,1104
https://github.com/googlemaps/android-samples,1103
https://github.com/bin456789/Unblock163MusicClient-Xposed,1102
https://github.com/TheAlgorithms/Java,1101
https://github.com/biezhi/wechat-bot-api,1101
https://github.com/Jasonette/JASONETTE-Android,1100
https://github.com/peter-lawrey/Java-Chronicle,1100
https://github.com/SplashCodes/JAViewer,1100
https://github.com/Ramotion/circle-menu-android,1100
https://github.com/todotxt/todo.txt-android,1098
https://github.com/JonathanLink/PDFLayoutTextStripper,1097
https://github.com/crossbario/autobahn-java,1097
https://github.com/glomadrian/RoadRunner,1096
https://github.com/delight-im/Android-AdvancedWebView,1096
https://github.com/nuptboyzhb/SuperSwipeRefreshLayout,1096
https://github.com/DingMouRen/PaletteImageView,1095
https://github.com/pedrovgs/Renderers,1094
https://github.com/thingsboard/thingsboard,1094
https://github.com/wiztools/rest-client,1091
https://github.com/mattprecious/telescope,1089
https://github.com/pac4j/pac4j,1089
https://github.com/Rogero0o/GifLoadingView,1087
https://github.com/rohitghatol/spring-boot-microservices,1087
https://github.com/jrvansuita/MaterialAbout,1087
https://github.com/bitcoin-wallet/bitcoin-wallet,1086
https://github.com/githubwing/DragPhotoView,1080
https://github.com/googlesamples/android-RuntimePermissions,1078
https://github.com/evollu/react-native-fcm,1078
https://github.com/VoltDB/voltdb,1075
https://github.com/pinterest/secor,1073
https://github.com/mrmans0n/smart-location-lib,1073
https://github.com/Grover-c13/PokeGOAPI-Java,1072
https://github.com/DreaminginCodeZH/MaterialRatingBar,1072
https://github.com/andpor/react-native-sqlite-storage,1072
https://github.com/aistrate/AlgorithmsSedgewick,1071
https://github.com/TakWolf/CNode-Material-Design,1071
https://github.com/rapidoid/rapidoid,1070
https://github.com/jonfinerty/Once,1070
https://github.com/killme2008/Metamorphosis,1069
https://github.com/hongyangAndroid/Android-StickyNavLayout,1067
https://github.com/sdsmdg/RotatingText,1067
https://github.com/coobird/thumbnailator,1067
https://github.com/splitwise/TokenAutoComplete,1066
https://github.com/lopspower/CircularImageView,1066
https://github.com/puniverse/capsule,1065
https://github.com/iiordanov/remote-desktop-clients,1065
https://github.com/elemers/HermesEventBus,1065
https://github.com/chengdazhi/StyleImageView,1064
https://github.com/Raysmond/SpringBlog,1063
https://github.com/google/android-ui-toolkit-demos,1061
https://github.com/afollestad/easy-video-player,1060
https://github.com/todoroo/astrid,1059
https://github.com/chiuki/advanced-textview,1056
https://github.com/davidschreiber/FancyCoverFlow,1055
https://github.com/opentripplanner/OpenTripPlanner,1054
https://github.com/unclebob/fitnesse,1054
https://github.com/twitter/elephant-bird,1054
https://github.com/Automattic/simplenote-android,1052
https://github.com/guardianproject/ChatSecureAndroid,1050
https://github.com/udacity/ud851-Sunshine,1050
https://github.com/SpinyTech/ModularizationArchitecture,1047
https://github.com/antonkrasov/AndroidSocialNetworks,1047
https://github.com/spring-projects/spring-data-jpa,1047
https://github.com/wangjiegulu/RapidFloatingActionButton,1046
https://github.com/functionaljava/functionaljava,1045
https://github.com/ankidroid/Anki-Android,1043
https://github.com/sirthias/parboiled,1043
https://github.com/cachapa/ExpandableLayout,1039
https://github.com/mrwonderman/android-square-progressbar,1039
https://github.com/brave/link-bubble,1038
https://github.com/FreeTymeKiyan/LeetCode-Sol-Res,1037
https://github.com/liyiorg/weixin-popular,1037
https://github.com/guolindev/booksource,1037
https://github.com/developer-shivam/Crescento,1036
https://github.com/desmond1121/Android-Ptr-Comparison,1036
https://github.com/florent37/ArcLayout,1036
https://github.com/JorgeCastilloPrz/FABProgressCircle,1036
https://github.com/Devlight/ArcProgressStackView,1035
https://github.com/laobie/NineGridImageView,1035
https://github.com/asLody/legend,1034
https://github.com/spring-projects/spring-data-elasticsearch,1034
https://github.com/hitherejoe/Bourbon,1034
https://github.com/saiwu-bigkoo/Android-AlertView,1033
https://github.com/richardwilly98/elasticsearch-river-mongodb,1033
https://github.com/Trinea/android-demo,1033
https://github.com/JanusGraph/janusgraph,1033
https://github.com/sephiroth74/Material-BottomNavigation,1032
https://github.com/alibaba/mdrill,1031
https://github.com/lucasr/smoothie,1031
https://github.com/devunwired/recyclerview-playground,1031
https://github.com/searchbox-io/Jest,1030
https://github.com/Tibolte/AgendaCalendarView,1030
https://github.com/joel-costigliola/assertj-core,1029
https://github.com/a371166028/likequanmintv,1029
https://github.com/D-clock/AndroidSystemUiTraining,1028
https://github.com/badoualy/morphy-toolbar,1028
https://github.com/hierynomus/sshj,1027
https://github.com/cn-ljb/rxjava_for_android,1025
https://github.com/glomadrian/material-animated-switch,1024
https://github.com/JSQLParser/JSqlParser,1024
https://github.com/jiang111/IndexRecyclerView,1022
https://github.com/TommyLemon/APIJSON,1022
https://github.com/matrixxun/MaterialBadgeTextView,1021
https://github.com/xiaoyaoyou1212/XSnow,1020
https://github.com/Kelin-Hong/MVVMLight,1020
https://github.com/purplecabbage/phonegap-plugins,1018
https://github.com/wooplr/Spotlight,1018
https://github.com/sk89q/WorldEdit,1018
https://github.com/HotBitmapGG/CreditSesameRingView,1017
https://github.com/BroadleafCommerce/BroadleafCommerce,1016
https://github.com/tumblr/Graywater,1016
https://github.com/kymjs/EmojiChat,1013
https://github.com/jiang111/RxJavaApp,1011
https://github.com/romannurik/Android-MonthCalendarWidget,1011
https://github.com/venshine/BezierMaker,1011
https://github.com/lsjwzh/MaterialLoadingProgressBar,1010
https://github.com/noties/Scrollable,1010
https://github.com/jkwiecien/EasyImage,1009
https://github.com/a-voyager/BluetoothHelper,1009
https://github.com/iMeiji/Toutiao,1009
https://github.com/danylovolokh/LondonEyeLayoutManager,1009
https://github.com/THEONE10211024/RxJavaSamples,1006
https://github.com/citerus/dddsample-core,1006
https://github.com/sd6352051/NiftyNotification,1005
https://github.com/simpligility/android-maven-plugin,1005
https://github.com/HackPlan/AndroidCharts,1004
https://github.com/ether/pad,1003
